{
			"name" : "MyClass",
			"children" : [ {
				"name" : "Topic 1",
				"children" : [ {
					"name" : "Subtopic 1"
				}, {
					"name" : "Subtopic 2"
				}, {
					"name" : "Subtopic 3"
				} ]
			}, {
				"name" : "Topic 2",
				"children" : [ {
					"name" : "Subtopic 4"
				}, {
					"name" : "Subtopic 5"
				}, {
					"name" : "Subtopic 6"
				} ]
			}, {
				"name" : "Topic 3",
				"children" : [ {
					"name" : "Subtopic 7"
				}, {
					"name" : "Subtopic 8"
				}, {
					"name" : "Subtopic 9"
				} ]
			} ]
		}